Workbook

Sheet 設定
A1: 欄位 | B1: 值 | C1: 說明
A2: LINE_CHANNEL_ACCESS_TOKEN | B2: 請填入 | C2: LINE Messaging API Channel access token
A3: LINE_USER_ID | B3: 請填入 | C3: 要推播的 User ID 或群組 ID
A4: WATCHLIST_CODES | B4: 7822,6879,4172 | C4: 用半形逗號分隔，可自行改成你的興櫃代號
A5: PRICE_JUMP_PCT | B5: 5 | C5: 漲幅達幾%視為強勢股
A6: VOLUME_SURGE_MULTIPLE | B6: 2 | C6: 量能大於近5次平均的倍數視為爆量
A7: REPORT_FOLDER | B7: ./output | C7: 報表輸出資料夾
A8: HISTORY_CSV | B8: ./output/esb_history.csv | C8: 累積歷史資料 CSV
A9: SOURCE_URL | B9: https://www.tpex.org.tw/zh-tw/esb/trading/info/pricing.html | C9: 櫃買中心興櫃股票當日行情表
A10: SOURCE_URL_2 | B10: https://www.tpex.org.tw/zh-tw/esb/psb/trading/statistics/day.html | C10: 櫃買中心興櫃股票成交統計

Sheet 自選清單
A1: 代號 | B1: 股票名稱 | C1: 分類 | D1: 買進價 | E1: 股數 | F1: 成本 | G1: 最新價 | H1: 漲幅% | I1: 成交量 | J1: 5次平均量 | K1: 量比 | L1: 訊號 | M1: 策略備註
A2: 7822 | B2: =IFERROR(XLOOKUP(A2,原始報價!A:A,原始報價!B:B,""),"") | C2: AI | F2: =IF(OR(D2="",E2=""),"",D2*E2) | G2: =IFERROR(XLOOKUP(A2,原始報價!A:A,原始報價!F:F,""),"") | H2: =IFERROR(XLOOKUP(A2,原始報價!A:A,原始報價!G:G,""),"") | I2: =IFERROR(XLOOKUP(A2,原始報價!A:A,原始報價!H:H,""),"") | J2: =IFERROR(XLOOKUP(A2,訊號清單!A:A,訊號清單!F:F,""),"") | K2: =IF(OR(I2="",J2=""),"",I2/J2) | L2: =IFERROR(XLOOKUP(A2,訊號清單!A:A,訊號清單!G:G,""),"") | M2: 核心觀察
A3: 6879 | B3: =IFERROR(XLOOKUP(A3,原始報價!A:A,原始報價!B:B,""),"") | C3: 生技 | F3: =IF(OR(D3="",E3=""),"",D3*E3) | G3: =IFERROR(XLOOKUP(A3,原始報價!A:A,原始報價!F:F,""),"") | H3: =IFERROR(XLOOKUP(A3,原始報價!A:A,原始報價!G:G,""),"") | I3: =IFERROR(XLOOKUP(A3,原始報價!A:A,原始報價!H:H,""),"") | J3: =IFERROR(XLOOKUP(A3,訊號清單!A:A,訊號清單!F:F,""),"") | K3: =IF(OR(I3="",J3=""),"",I3/J3) | L3: =IFERROR(XLOOKUP(A3,訊號清單!A:A,訊號清單!G:G,""),"") | M3: 爆量觀察
A4: 4172 | B4: =IFERROR(XLOOKUP(A4,原始報價!A:A,原始報價!B:B,""),"") | C4: 生技 | F4: =IF(OR(D4="",E4=""),"",D4*E4) | G4: =IFERROR(XLOOKUP(A4,原始報價!A:A,原始報價!F:F,""),"") | H4: =IFERROR(XLOOKUP(A4,原始報價!A:A,原始報價!G:G,""),"") | I4: =IFERROR(XLOOKUP(A4,原始報價!A:A,原始報價!H:H,""),"") | J4: =IFERROR(XLOOKUP(A4,訊號清單!A:A,訊號清單!F:F,""),"") | K4: =IF(OR(I4="",J4=""),"",I4/J4) | L4: =IFERROR(XLOOKUP(A4,訊號清單!A:A,訊號清單!G:G,""),"") | M4: 授權題材

Sheet 原始報價
A1: 代號 | B1: 名稱 | C1: 開盤 | D1: 最高 | E1: 最低 | F1: 最新價 | G1: 漲幅% | H1: 成交量 | I1: 資料日期 | J1: 來源
A2: 由 Python 程式自動寫入 | J2: https://www.tpex.org.tw/zh-tw/esb/trading/info/pricing.html

Sheet 訊號清單
A1: 代號 | B1: 名稱 | C1: 最新價 | D1: 漲幅% | E1: 成交量 | F1: 5次平均量 | G1: 訊號 | H1: 原因
A2: 由 Python 程式自動寫入 | H2: 強勢股/爆量股/自選股追蹤

Sheet 執行紀錄
A1: 執行時間 | B1: 抓取筆數 | C1: 訊號筆數 | D1: LINE推播 | E1: 備註

Sheet 使用說明
A1: 步驟 | B1: 內容
A2: 1 | B2: 先打開『設定』工作表，把 LINE token 與 LINE user ID 填入。
A3: 2 | B3: 在『自選清單』填入你要追蹤的興櫃代號、買進價、股數。
A4: 3 | B4: 執行 esb_auto_monitor.py 後，會自動抓取櫃買中心興櫃當日行情。
A5: 4 | B5: 程式會輸出：更新後 Excel、歷史 CSV、每日 JSON 與 LINE 推播。
A6: 5 | B6: 你可用工作排程器（Windows）或 cron（Mac/Linux）每天固定時間自動跑。
A7: 資料來源 | B7: 櫃買中心：興櫃股票當日行情表、興櫃股票成交統計。
